{
	"id": "df-templates",
	"version": "1.3.1",
	"title": "DF Template Enhancements",
	"description": "Enhanced templates for different types of grid targetting.",
	"author": "Harkonan#0001",
	"compatibility": {
		"minimum": 10,
		"verified": 10.288
	},
	"relationships": {
		"requires": [
			{
				"id": "lib-wrapper",
				"type": "module",
				"compatibility": {
					"verified": "1.12.10.0"
				}
			}
		]
	},
	"esmodules": "{{sources}}",
	"styles": "{{css}}",
	"languages": [
		{ "lang": "en", "path": "lang/en.json", "name": "English" },
		{ "lang": "ja", "path": "lang/ja.json", "name": "日本語" },
		{ "lang": "pt-BR", "path": "lang/pt-BR.json", "name": "Português (Brasil)" }
	],
	"url":		"https://github.com/Harkonan/dragonflagon-fvtt/tree/master/df-templates",
	"license":	"https://raw.githubusercontent.com/Harkonan/dragonflagon-fvtt/master/LICENSE",
	"manifest":	"https://dragonflagon.cafe/mods/man/df-templates",
	"download":	"https://dragonflagon.cafe/mods/pak/df-templates",
	"readme":	"https://github.com/Harkonan/dragonflagon-fvtt/tree/master/df-templates/README.md",
	"changelog":"https://github.com/Harkonan/dragonflagon-fvtt/tree/master/df-templates/CHANGELOG.md",
	"manifestPlusVersion": "1.0.0",
	"bugs": "https://github.com/Harkonan/dragonflagon-fvtt/issues",
	"authors": [ { "name": "Harkonan", "discord": "Harkonan#0001", "url": "https://github.com/Harkonan" } ],
	"media": [
		{ "type": "icon", "url": "https://raw.githubusercontent.com/Harkonan/dragonflagon-fvtt/master/.assets/logo.png" },
		{ "type": "cover", "url": "https://raw.githubusercontent.com/Harkonan/dragonflagon-fvtt/master/.assets/df-templates/templates-dnd5e.png" },
		{ "type": "screenshot", "url": "https://raw.githubusercontent.com/Harkonan/dragonflagon-fvtt/master/.assets/df-templates/auto-target.gif" },
		{ "type": "screenshot", "url": "https://raw.githubusercontent.com/Harkonan/dragonflagon-fvtt/master/.assets/df-templates/grid-intersect-snapping.gif" },
		{ "type": "screenshot", "url": "https://raw.githubusercontent.com/Harkonan/dragonflagon-fvtt/master/.assets/df-templates/square-rotate-core.gif" },
		{ "type": "screenshot", "url": "https://raw.githubusercontent.com/Harkonan/dragonflagon-fvtt/master/.assets/df-templates/square-rotate-corrected.gif" },
		{ "type": "screenshot", "url": "https://raw.githubusercontent.com/Harkonan/dragonflagon-fvtt/master/.assets/df-templates/square-rotate-corrected-5e.gif" },
		{ "type": "screenshot", "url": "https://raw.githubusercontent.com/Harkonan/dragonflagon-fvtt/master/.assets/df-templates/template-preview.gif" }
	]
}
